"","logFC","AveExpr","t","P.Value","adj.P.Val","B"
"MCM7",0.773757119317046,8.70132790227257,10.2011175192115,7.62666461001604e-20,1.97431527022465e-16,34.4391892690287
"CERS1",0.686224784848094,8.38015758676122,9.75943649738045,1.44735287385912e-18,2.01310475135913e-15,31.568615315163
"ZHX3",0.62327417772051,8.78947902011968,9.75933230233976,1.44835122663178e-18,2.01310475135913e-15,31.5679428887312
"NFKBIA",0.821213648435796,10.6749243016709,9.70844101022489,2.02775239190777e-18,2.48930970312468e-15,31.2397984557783
"CMTM3",0.587798626423911,7.80302689216605,9.62157165139308,3.59658956532836e-18,3.68347559745919e-15,30.681001668258
"CHST6",0.724791775772138,7.3396972027045,9.53834383412153,6.21770286439655e-18,6.04951400191463e-15,30.1472461320919
"PLXNB1",0.892416791881667,9.06322159812941,9.51756565674746,7.12644280460191e-18,6.60349764451184e-15,30.0142439621234
"ARRDC2",0.731727614447128,7.63465954642443,9.38968194409187,1.64628790240145e-17,1.23201684663433e-14,29.1979302956356
"CAPS",0.826160466088737,7.89728818698747,9.32941086396508,2.43938864471361e-17,1.48337698867131e-14,28.8145944117609
"HSPB3",-0.633791017600467,7.60070055895871,-9.29836964869429,2.98593565633595e-17,1.76070672535277e-14,28.6175218268721
"CCDC9B",0.801847513857614,8.78069882703051,9.2641779657955,3.72964834656322e-17,2.01597853266038e-14,28.4007313764493
"PTBP1",0.590504416812117,10.418444708897,9.24434418202638,4.24264153414973e-17,2.100054093013e-14,28.2751138819209
"NAP1L5",-0.993305972659783,9.17647039125503,-9.24223132681119,4.30126258920651e-17,2.100054093013e-14,28.2617380752272
"EZR",0.733140591372242,11.8435622034309,9.24167326979608,4.3168797841883e-17,2.100054093013e-14,28.2582053886485
"MID1IP1",0.765966687503661,8.99019544462089,9.12163197882975,9.39558225011886e-17,3.44959688688798e-14,27.5002016847691
"RHOQ",0.680828958230654,10.8197265015189,9.08239015220131,1.21052989805359e-16,4.17860452495127e-14,27.2532412897872
"TUBB8",-0.637509415558709,8.75999202339147,-9.0806735203536,1.2240118090458e-16,4.17860452495127e-14,27.242447547079
"MLLT6",0.630481345374191,9.53964482443386,9.04981846887301,1.49342570496489e-16,4.92574845122053e-14,27.0485760604401
"PFN2",-0.894448566651954,11.0077672637055,-9.02512818761897,1.75080601850215e-16,5.5528169096082e-14,26.8936279823727
"ITSN1",0.722663816847194,8.90916773042485,9.01259835156131,1.89781512673019e-16,5.77024758610042e-14,26.8150593395512
"RBM6",0.629360248210222,9.32961659579866,8.9801844620767,2.33749137797758e-16,6.58330616434041e-14,26.612010112465
"TUBB2A",-1.03350457803568,10.8186421738933,-8.97815150687505,2.36821743925088e-16,6.58330616434041e-14,26.5992849380337
"FAM229B",0.63394273393283,7.98850880318948,8.91924721317788,3.45568542797685e-16,8.73301074584435e-14,26.2310836002912
"TRABD",0.758276958632582,9.73820353775193,8.85973068230454,5.05728349600987e-16,1.21493431541798e-13,25.8600627075438
"VGF",-1.2291913997676,9.70114457624865,-8.82626548685928,6.26202200436086e-16,1.43356101391598e-13,25.6518951014712
"NT5DC3",-0.619063995612908,8.87073833305339,-8.73328296129961,1.13188041900759e-15,2.27064547149161e-13,25.0752421287184
"CFLAR",0.758787022417694,9.18545531260853,8.72735774346525,1.17529055429674e-15,2.31009887838992e-13,25.0385832242779
"RAPGEF3",0.823852187479676,7.92602856364651,8.71920895720631,1.23770222716019e-15,2.40844476383102e-13,24.9881846043762
"SPHKAP",-0.603458661065672,7.20309989737675,-8.70140254768038,1.38576162287056e-15,2.64367994308218e-13,24.878125622238
"HIP1R",0.628062443359013,10.4181597661258,8.65654290785192,1.84132850767773e-15,3.28719370925697e-13,24.6012837008081
"SUB1",-0.641695008971793,9.25196798998611,-8.60216339380942,2.59663661192198e-15,4.4715001620699e-13,24.2665253748793
"HEY2",0.745440448299497,8.21960275159244,8.58454110910492,2.90202813042892e-15,4.78738547587559e-13,24.1582413799795
"SLC30A3",-0.827029629305846,9.59903578291437,-8.58102569075682,2.96708442548779e-15,4.8113746529639e-13,24.1366518079759
"CAVIN1",0.815510501530476,9.4806446599583,8.55621716369448,3.46920145908259e-15,5.42258925339044e-13,23.9844038446807
"AEBP1",0.878023824253295,8.07540490606985,8.55272527752241,3.54633603420481e-15,5.47683753091995e-13,23.9629900727885
"ITPRIP",0.638771664720015,7.7286174818124,8.53801247641055,3.89046298405969e-15,5.96098576431633e-13,23.8728073529318
"PLIN4",0.674518980902215,7.83052484876865,8.52577443348411,4.20179269274504e-15,6.33819255876944e-13,23.7978463797825
"PEX11B",-0.593751578270439,9.38947786987403,-8.50556411689198,4.77092212298382e-15,7.08682241153757e-13,23.6741583751896
"PCSK1",-1.18340088740147,8.26370353684525,-8.49142447064944,5.21393251497476e-15,7.51540094880695e-13,23.5877012903584
"PDGFRB",0.691470841178717,9.66227847593207,8.48722267471862,5.35327574310668e-15,7.6036053054827e-13,23.5620217900739
"SPCS1",-0.594450907593484,10.1299009811908,-8.48549367849832,5.4116810222792e-15,7.63086239221238e-13,23.551456596372
"SLC16A14",-0.584231536643977,7.46004176602692,-8.39953381319935,9.27035781259062e-15,1.25272147691112e-12,23.0274206744093
"CCKBR",-0.598433759029853,7.63249146693819,-8.38632049776601,1.00678504357877e-14,1.33272314034008e-12,22.9470843235585
"TSPAN7",-0.791194051100449,12.53401718263,-8.38513417468782,1.01426948292823e-14,1.33355877488516e-12,22.9398743727184
"SLC7A2",0.911657614547791,9.18165284760554,8.37782805850039,1.06159475538666e-14,1.38641425134691e-12,22.8954813380571
"ADCYAP1",-0.679858508456943,7.14434704183139,-8.37422368475448,1.08574209335315e-14,1.40849702630393e-12,22.8735871895784
"TEAD2",0.729913741574149,8.04408662460363,8.34406848494532,1.3103114453529e-14,1.62013076947754e-12,22.6905849523718
"TSPO",0.68598277731731,9.57530263836501,8.34242277016174,1.32381310625895e-14,1.62013076947754e-12,22.6806064219904
"SORBS1",0.625032466593555,11.4565746804957,8.34060108289738,1.33891935178207e-14,1.62837697914546e-12,22.6695619738968
"SCG3",-0.639288911971191,10.3603256423807,-8.32662523427027,1.46064167710648e-14,1.76538052141708e-12,22.5848670242187
"MRPS30",-0.599132541987762,7.92060826075734,-8.30097594417866,1.71325826037077e-14,2.03282271271676e-12,22.4296019570672
"NOTCH1",0.671234779638292,8.94611828848564,8.2794152382093,1.95877352181889e-14,2.29613096151047e-12,22.2992599045298
"HOPX",-0.91273000839035,10.8908861228113,-8.2354338736716,2.57284929180011e-14,2.89393493463228e-12,22.0338716903574
"PRKCG",-0.621747892332183,7.11181633797212,-8.20779839155315,3.05268735299654e-14,3.3003051332281e-12,21.8674586719862
"CSRNP1",0.705983836707333,9.09450232929107,8.20689352363158,3.06981463134943e-14,3.3003051332281e-12,21.8620143112088
"ITPKB",0.907671027183385,9.42238223831793,8.17789172806065,3.67218842525594e-14,3.86254673335435e-12,21.6876696512018
"SLC25A18",0.746665011458742,9.91964946798,8.1731838990472,3.78045668904485e-14,3.95504874796364e-12,21.65939633501
"UQCRC2",-0.661039130519115,8.75717248738523,-8.16386599229785,4.00415593741943e-14,4.14451438224706e-12,21.6034597846988
"MRTFB",-0.837971433014727,9.46452241489508,-8.15814758808437,4.14788355714871e-14,4.27056434595538e-12,21.5691466710837
"SLC5A3",1.19197811910308,8.45419985053236,8.15456888195676,4.24041989050441e-14,4.34285950785923e-12,21.5476786339959
"NDE1",0.688483229052372,8.34870714321108,8.15028467670608,4.35389196838918e-14,4.43572690119817e-12,21.521984392564
"NCALD",-0.75184762966934,11.1063065222771,-8.12662154856791,5.03701575596527e-14,5.0007800813943e-12,21.3801837017427
"GSDMD",0.648622876207139,7.68354091423907,8.12340045391452,5.13786500710313e-14,5.07501092249847e-12,21.3608967858725
"ATP6V1G2",-0.973066564591647,11.1942449843879,-8.11555507234808,5.39194272412735e-14,5.28117624827503e-12,21.3139365721524
"AHNAK",0.806790676974814,10.339421061488,8.11526195023848,5.40167311734268e-14,5.28117624827503e-12,21.3121824531708
"KRT222",-0.611004822051511,7.94762743095235,-8.10855678843123,5.62906767372459e-14,5.42257563678251e-12,21.2720654155027
"BRWD1",-0.826166865165974,10.3332733314772,-8.10471767316127,5.7635077774274e-14,5.52473388379112e-12,21.2491032069332
"NPTX2",-1.08071523915833,9.24013512063231,-8.09474678283321,6.12771422624101e-14,5.72555486995986e-12,21.1894908198059
"MUC1",0.767532729565586,7.7683743661893,8.07732214830093,6.81972444912898e-14,6.17658500116424e-12,21.0854010312529
"SPACA6",0.585118113950875,8.90299737386682,8.06261141411484,7.46381861146111e-14,6.69301596130976e-12,20.9976086553629
"RTN4",-0.749579445744835,12.3113597521857,-8.04408607280728,8.36124270007704e-14,7.29602787895961e-12,20.8871626832128
"SLC15A3",0.586389953780194,8.20241389696685,8.03528717769515,8.82414217618172e-14,7.55482339971698e-12,20.8347484271402
"ZBTB20",0.691315482980307,9.50264012967997,8.03020760934455,9.10283508641695e-14,7.70139425854728e-12,20.8045027433392
"FOXC1",0.766839566886353,9.03643596284784,8.01419414434581,1.00397394443201e-13,8.27810550199261e-12,20.7092142740296
"KCNK12",0.64555914797168,10.4064421090131,8.00781512711644,1.04390135957652e-13,8.5349901495796e-12,20.6712819895342
"SVOP",-0.836530842378882,8.48820538981655,-7.99794480441804,1.10880113204652e-13,9.02768252238211e-12,20.6126184470752
"MOB3C",0.624979732423191,8.11738599280873,7.99282059846971,1.14405363813402e-13,9.2374023835892e-12,20.5821772581118
"WASF1",-0.765106127858625,7.32050439859924,-7.98279650290939,1.21625543194075e-13,9.66004671434085e-12,20.5226555022771
"DNM3",-0.741710230263434,10.1867064906057,-7.97684765636533,1.26121852994888e-13,9.88971335339899e-12,20.4873496110164
"NDRG4",-0.587072333796109,8.16607439109439,-7.97320215623866,1.28958157674765e-13,1.0037587160773e-11,20.465720361727
"SC5D",-0.81975893902968,8.94349621922446,-7.96294219061303,1.37284176005367e-13,1.06430788083205e-11,20.4048730619216
"FAAP20",0.663235835307665,8.4074149550887,7.95201423263586,1.46738053462054e-13,1.12441656152919e-11,20.3401072534124
"GLO1",-0.604167000025158,9.19169145154212,-7.95038132125414,1.48204991403202e-13,1.12653161238863e-11,20.3304334365484
"PGAM4",-0.716341558175444,9.25346436439993,-7.94611229244313,1.52109059441067e-13,1.14423011874752e-11,20.3051472349086
"UBE2N",-0.726848409788926,10.1623697633971,-7.94590904815737,1.52297446300225e-13,1.14423011874752e-11,20.3039435532686
"CHN1",-0.80825634444829,12.5714254614058,-7.94143977033556,1.56498901048417e-13,1.16678625114987e-11,20.277478874503
"FBXW7",-0.692244821819619,10.9829846990407,-7.93794485336055,1.59864159989526e-13,1.18281242936737e-11,20.2567890444061
"KIFAP3",-0.625110799807446,10.3232821971097,-7.92191744313589,1.76237803931565e-13,1.27015238026086e-11,20.1619657487265
"ACACB",0.847199125392107,9.01006495027035,7.91152791804373,1.87727726826226e-13,1.33320942931078e-11,20.1005495317242
"RGS7",-1.0793840991548,9.03888196829189,-7.90594256834374,1.94207987861651e-13,1.37421572210905e-11,20.067549323692
"DFFA",0.838883561910573,8.37282014275792,7.90115077737645,1.9994368414187e-13,1.409675416564e-11,20.0392471191852
"YWHAG",-1.02134017978896,9.71683385456304,-7.89510985194843,2.07414053079788e-13,1.45706500320563e-11,20.0035793956657
"SCN2B",-0.897433951611875,9.02346312011319,-7.87790441843685,2.30238581064405e-13,1.57200440313412e-11,19.9020682631204
"HERC1",-0.652573945476939,9.12405738187168,-7.86832299862439,2.44009248618511e-13,1.65441671389115e-11,19.8455871290163
"ITPRIPL2",0.799936310413548,8.95326709332751,7.86522295208808,2.48636914128274e-13,1.67412654395228e-11,19.8273202692787
"SCRIB",0.646431550794012,9.46906581411669,7.856837609366,2.61594109635972e-13,1.74926452900563e-11,19.7779284447554
"SIPA1",0.68985762273597,8.0197995153628,7.8405815674512,2.88646199307487e-13,1.91698511683426e-11,19.6822527290212
"CNNM3",0.741149895108329,8.46322600933855,7.82186207663954,3.23241047262219e-13,2.09133613857886e-11,19.5722038376066
"CD151",0.600230782955059,10.3212754721029,7.82118243909905,3.24571413665047e-13,2.09133613857886e-11,19.5682108933861
"SCOC",-0.635773629330668,9.93734973083795,-7.81084378225176,3.45490000166699e-13,2.20422620106354e-11,19.5074921301761
"BCL6",0.604954904174793,10.4447027888957,7.80079013707593,3.67109797190281e-13,2.30438372371796e-11,19.4484868387165
"RASL12",0.712616381683084,7.915535391204,7.79825367526287,3.72772521985069e-13,2.32492964913701e-11,19.43360641171
"ATP6V1D",-0.589091246685839,10.7232680504736,-7.78872611473064,3.94825807967127e-13,2.41601113120513e-11,19.3777342349659
"CRYM",-1.00394663167147,8.09595473243339,-7.77854998391747,4.19807049981148e-13,2.56061257972283e-11,19.3180976146451
"BEX1",-0.872146104850536,12.162267599488,-7.77323073560228,4.33481202148175e-13,2.62776034660478e-11,19.286940513647
"POTEKP",-0.844497791475784,8.83581391461516,-7.7647025993155,4.56329621087965e-13,2.74913872964418e-11,19.2370106212889
"STAT4",-0.932327431568804,7.88997809452263,-7.75775601273827,4.75818102135775e-13,2.84246680945363e-11,19.1963612678071
"LIME1",0.581619447663269,8.79332837567978,7.75745738454968,4.76674107530202e-13,2.84246680945363e-11,19.1946142079133
"ST6GALNAC5",-0.911301394217128,7.87930076658459,-7.74937963033455,5.00415564209783e-13,2.96877636096285e-11,19.1473702988691
"TP53I13",0.607858166986878,8.69253000475634,7.73944384398649,5.31227509844519e-13,3.11360123917605e-11,19.0892945277869
"CCDC184",-0.691086103166606,8.58574435668212,-7.7387729736486,5.33374319843534e-13,3.11679606301361e-11,19.0853746142648
"NME1",-0.632521642115627,10.1266550758652,-7.71934016993096,5.99425799426613e-13,3.45095462456877e-11,18.9719051516547
"SYNJ2BP",0.711666485592504,9.65308319327265,7.70970771715889,6.35103385073108e-13,3.60305445193516e-11,18.915715872905
"GFAP",1.04503030544805,11.8782328929118,7.70353902129527,6.59046668763398e-13,3.70647084608872e-11,18.8797511292895
"FAM234B",-0.627898658568071,7.82297885144801,-7.70090409757755,6.69544052986439e-13,3.7546564054937e-11,18.8643935907184
"MAP4K4",0.606428168981165,10.102614617179,7.6969447213363,6.85629714541388e-13,3.83381282047726e-11,18.8413217201225
"LRP5",0.620496859061968,7.69673951798786,7.68549899507876,7.34311057548988e-13,4.04120504848241e-11,18.7746608282231
"BEX2",-0.801246314301514,10.7727049475905,-7.6834860011558,7.43219499696761e-13,4.05106673518187e-11,18.7629423714855
"PPFIBP2",0.585146309988146,8.55149632969544,7.67440609988804,7.84749203679186e-13,4.19200415305632e-11,18.7101046563912
"RGS4",-1.41772680039927,10.3317376573621,-7.6385436598749,9.72431954228412e-13,4.99275815232999e-11,18.5017367439852
"LLGL1",0.674081382200238,8.55995115309191,7.62759086620774,1.0381440269228e-12,5.25412876844357e-11,18.4382019324895
"BGN",0.666270276441516,10.7915371472517,7.62736580779923,1.03953932671297e-12,5.25412876844357e-11,18.4368969245709
"KCNV1",-0.583858336523458,7.10034539438995,-7.61847463990916,1.09617113171963e-12,5.45534374734843e-11,18.3853576066817
"SLC39A10",-0.818916215001581,8.74662323946392,-7.61705774898742,1.10547348256469e-12,5.4822764979247e-11,18.3771472884161
"TBC1D9",-0.746174357501251,8.70978158286793,-7.60707458305365,1.17326586781652e-12,5.72195000547411e-11,18.3193218836167
"C2orf80",-0.854442533024706,9.36242233823502,-7.60360815647977,1.19775380986595e-12,5.81224224094304e-11,18.29925279053
"PPP3CA",-0.76510534006181,8.14343787831224,-7.5992058619239,1.22958259916295e-12,5.95185268584873e-11,18.2737724696367
"GABARAPL1",-0.700286654300055,10.4350234250174,-7.58083247412594,1.37170006622748e-12,6.47563167014912e-11,18.1675131717244
"FGR",0.654681816293879,7.90329233159085,7.58009600302643,1.37772316739901e-12,6.47563167014912e-11,18.1632567899159
"SLC6A12",0.83287089230874,8.6668989909654,7.57643320402459,1.40806932227367e-12,6.57065250410631e-11,18.1420911991979
"STXBP1",-1.26407758702471,9.04790952581144,-7.57444233716495,1.42483981337544e-12,6.63300428910831e-11,18.1305892184291
"BEX5",-0.856072417137164,8.18394313948088,-7.57308826736578,1.43635878095661e-12,6.66813957102858e-11,18.1227671784914
"GDF11",0.754522593064516,9.45870781366956,7.56988538232513,1.46397319240295e-12,6.7505815997557e-11,18.1042680955523
"NIBAN2",0.678686570032045,9.38078170097549,7.55471568348476,1.60205898930063e-12,7.28375370859835e-11,18.0167087501053
"RN7SK",0.648299594514171,9.62842240697633,7.54804542661555,1.66678011328291e-12,7.50784125564169e-11,17.9782380199908
"NRXN1",-0.686288548678023,8.55500664387414,-7.54445404394302,1.70269063518613e-12,7.64485917423381e-11,17.9575322930524
"ZNF786",0.741514983142682,10.1957839438828,7.54030399998361,1.74514054387805e-12,7.78869033103739e-11,17.9336122852212
"PTPRN",-0.786779406615981,7.73707414904105,-7.52419157688779,1.92009774160947e-12,8.43412685191391e-11,17.8408109618042
"CACNG3",-0.687474310709612,9.68942797419683,-7.51719312081727,2.00138927844167e-12,8.73207039668081e-11,17.8005360252172
"TMC6",0.614451926564761,7.58588061309339,7.50718138445572,2.12362783792456e-12,9.14667210387687e-11,17.7429554938289
"CENPB",0.663826810728904,10.1404611283099,7.47937429793174,2.50319974618248e-12,1.03637795448861e-10,17.5832474199085
"CCDC125",0.634797345116864,11.3765266511761,7.47807704537836,2.52245764404421e-12,1.04213382792901e-10,17.5758046233035
"ZCCHC24",0.738095656526751,9.68559824451579,7.47580565005395,2.55653006587577e-12,1.05397285067535e-10,17.562774521846
"YWHAB",-0.620400732492409,12.0965504752531,-7.47533708545086,2.56361522593828e-12,1.05465938015926e-10,17.5600868198569
"CHGB",-1.33082483050319,8.94365519843311,-7.46299058810181,2.75746040976452e-12,1.1272567670926e-10,17.4893000724332
"CBLN4",-0.850009864628129,7.62466335104129,-7.45077682421049,2.96345621629741e-12,1.19391085948098e-10,17.4193373381606
"NDFIP1",-0.629049877088075,9.56509529327456,-7.43266537114493,3.29721346771126e-12,1.29192537903657e-10,17.3157072772408
"FGF12",-0.792406065134819,9.42263394601206,-7.43253780742409,3.29969121425137e-12,1.29192537903657e-10,17.3149778749793
"NSG2",-0.65380745494163,9.51191676999871,-7.43060795210503,3.337401160727e-12,1.30406604792343e-10,17.3039439096324
"INPPL1",0.679267991603177,8.69007711242861,7.42969663963395,3.35535617540059e-12,1.30845442519279e-10,17.2987340202074
"FKBP1A",-0.641797727442504,9.6744572000623,-7.42921421632375,3.36489965691395e-12,1.30955164847777e-10,17.2959761929183
"PDP1",-0.74350437865941,7.88075256785294,-7.42685955737844,3.41186668482131e-12,1.32517991656563e-10,17.2825169338223
"YWHAZ",-0.767106623874701,11.4734569113344,-7.41300693195952,3.7015826850002e-12,1.41789561943738e-10,17.2033827576965
"PLOD1",0.601514647694398,9.78945515339424,7.41013683686845,3.76458063455093e-12,1.43370256009236e-10,17.1869973118107
"STMN2",-0.902950606795736,11.3204189345001,-7.40926750507969,3.78387043488664e-12,1.43809247641522e-10,17.1820349656723
"VAMP2",-0.982181643398247,9.784091291444,-7.40255255586018,3.93619699492183e-12,1.48727101600357e-10,17.1437153250973
"CAMK1G",-0.584340794072665,7.69315869844625,-7.39720033421249,4.06193556912291e-12,1.5229519121303e-10,17.1131860048984
"FAM107B",0.812020895309592,9.3380160231022,7.38757600423844,4.29809898503688e-12,1.59917223995856e-10,17.0583191335089
"TOMM20",-0.637158282109187,11.540435698642,-7.38208079489808,4.43897185188511e-12,1.64216641189795e-10,17.0270095181882
"MYOT",0.651846860985071,7.87444247700586,7.37820892623522,4.54095869063608e-12,1.66721726719033e-10,17.0049568428702
"MXD4",0.600937888452229,10.8549837557296,7.35876666505656,5.08912552702002e-12,1.84069319015395e-10,16.8943184165526
"HPRT1",-1.05699319311668,9.95293545316511,-7.3502845723863,5.34828996458567e-12,1.91309511803074e-10,16.8461010162521
"ACTR10",-0.604469199481645,8.82117137994354,-7.33866738491107,5.72451210374911e-12,2.02184676766017e-10,16.7801121753526
"RBM14",0.79083075300495,9.27510407986452,7.32969443326699,6.03288456004171e-12,2.11520541718652e-10,16.7291832580127
"KIFBP",-0.71825254994747,8.81765379028584,-7.32189519169271,6.31420784367151e-12,2.19799947101975e-10,16.6849444496736
"NMNAT2",-0.811017432913307,9.30772872241667,-7.32109383522316,6.34383699922587e-12,2.20437007442743e-10,16.680400495493
"RAX2",0.760831377224793,10.4692284194705,7.30056673597513,7.15140353579469e-12,2.44998523596882e-10,16.5641002764638
"ERICH3",-1.01922263165058,8.44170360512387,-7.29554994350994,7.36372750082088e-12,2.51738417912895e-10,16.5357045888006
"KLF2",0.708296864602182,10.418357538706,7.29422605622586,7.42078828280921e-12,2.52460872875902e-10,16.5282130494178
"ATP6AP2",-0.717067500636798,11.0179715546498,-7.29421833567084,7.4211223230904e-12,2.52460872875902e-10,16.5281693630173
"PARM1",-1.07070367769625,9.42972865275377,-7.28606100897872,7.78248455603801e-12,2.61102356855075e-10,16.4820260651753
"SGIP1",-0.590882402550052,8.98179867185859,-7.26876228442615,8.60727191161407e-12,2.83399160961249e-10,16.3842693182587
"ACSS1",0.645348286701449,8.88876807690738,7.26765391714545,8.6629657747322e-12,2.84751099679922e-10,16.3780103046075
"SYTL4",0.715330042997181,8.22613066806348,7.24393607253458,9.94377608588101e-12,3.19300229133925e-10,16.2442038660678
"CREG2",-0.919478818458052,8.3647388178823,-7.22669020955995,1.09907833340597e-11,3.47596756633244e-10,16.1470656913062
"SST",-0.812592213877603,7.19743653296685,-7.22041135174754,1.13983997874608e-11,3.56021607486676e-10,16.1117324424482
"ITGB5",0.642506231896311,9.57076738050593,7.20109142464678,1.27485343096315e-11,3.93143786261679e-10,16.0031226361997
"GLRB",-1.0106985841923,8.6300403961921,-7.19775877654867,1.299688632495e-11,3.98906011036597e-10,15.9844044830132
"DCLK1",-0.993585203730608,9.5393977885703,-7.19579707009432,1.31453007325481e-11,4.02192463765178e-10,15.9733886793433
"ANLN",0.678510673323017,8.92835906693441,7.19527826227011,1.31848304086591e-11,4.02768626251331e-10,15.9704756433702
"DDIT4L",0.714792004279817,8.82614858458142,7.19432101207004,1.32580746202288e-11,4.03107615679739e-10,15.9651011281366
"LINC01205",0.665455703381844,9.90111753769279,7.18451208493449,1.40321344982811e-11,4.22680039012466e-10,15.9100521631837
"RAB13",0.696577266715811,7.55121206754351,7.17887736536966,1.44967861319371e-11,4.33677019689905e-10,15.8784488644393
"DYNC1I1",-1.09563575139676,9.43247827360463,-7.16962082458555,1.52932734392104e-11,4.50896678566054e-10,15.8265628601616
"INTS13",0.644243474025976,7.91229029627354,7.16840399043396,1.54011377903657e-11,4.53389924754501e-10,15.8197449589113
"PDCD4",0.607136835518886,10.7804509607618,7.16652905424545,1.55688097880432e-11,4.57633639978147e-10,15.8092410254844
"TM2D3",-0.630673573858661,10.1370730754958,-7.16117506196223,1.60575869146891e-11,4.7128896496672e-10,15.7792551175886
"UBXN2A",0.663265038506661,8.78144212116213,7.15667292317232,1.64802926434555e-11,4.81516538361863e-10,15.7540501391595
"ZNF25",-0.611934227240376,9.62148406651285,-7.1524899191846,1.68828654845198e-11,4.9033384994518e-10,15.7306400029642
"ATP6V1B2",-0.672830271136074,11.8259775527229,-7.15223069406324,1.6908130189428e-11,4.90335775493411e-10,15.7291895119598
"NHSL1-AS1",0.642687049638252,7.89049019733031,7.13777414377233,1.83777513668686e-11,5.24358744645008e-10,15.6483460805161
"TNS3",0.606018541095076,10.9713699095978,7.13632613279136,1.85317201873635e-11,5.27205764803956e-10,15.6402537670379
"CYP26B1",-0.771790054234941,8.59261973178117,-7.12844511996477,1.93923005432558e-11,5.48480779463974e-10,15.5962268047586
"DENR",0.669288914657083,10.9614083161613,7.12641060912625,1.96207914646611e-11,5.5413785357161e-10,15.5848656623256
"GOT1",-0.789846860999476,10.9809742550563,-7.12265330186326,2.0049768991326e-11,5.63798345089902e-10,15.5638889929331
"ITPR3",0.590770911693803,8.33218974470025,7.11394695627999,2.10796689213012e-11,5.88506854432713e-10,15.5153069771576
"DDIT4",0.770563961114074,9.78899369593974,7.10330220586888,2.24099931406414e-11,6.2030733502666e-10,15.4559553766192
"GABRA1",-1.10180169391805,8.53863382686465,-7.10117371135197,2.26857707136476e-11,6.2615945009485e-10,15.4440937899245
"PARP10",0.63110679006509,7.81795272688706,7.09417800071346,2.36159626391396e-11,6.46333357236311e-10,15.4051229430377
"FOXO4",0.646203022501748,10.6138406969933,7.08756294862375,2.45301042530905e-11,6.63882195634058e-10,15.3682931858013
"VDAC1",-0.648647467977922,10.8093191396168,-7.0771309032184,2.60431181898937e-11,6.91368399532253e-10,15.3102527444583
"PTH1R",0.877514197152918,9.06138317588588,7.05666903029319,2.92830459774551e-11,7.60889851826842e-10,15.1965547013307
"SNX10",-0.866488903579517,8.38680366171168,-7.04940049835165,3.05271070325178e-11,7.86790696352006e-10,15.1562128916261
"RORA",0.837492817377091,8.14655259558313,7.0382199552047,3.25431790095394e-11,8.33233842561353e-10,15.0942062271402
"EML3",0.694027704817176,9.17709915879289,7.02651785126401,3.47939400233965e-11,8.85039580281401e-10,15.0293689341781
"GPM6A",-0.690919761216578,10.858876926292,-7.01739125692724,3.66552606059426e-11,9.26330800170178e-10,14.9788457040302
"PAK1",-0.911675591763396,9.01025248118638,-7.01323272992406,3.75356060777796e-11,9.41288860586494e-10,14.955837653688
"MLKL",0.598277974045351,7.81661760956264,7.01172878497943,3.78590921230818e-11,9.48133942886806e-10,14.9475186962325
"RCAN2",-0.725979039310743,10.8901256816624,-7.01058355204781,3.81072643254777e-11,9.53122437672842e-10,14.9411846326479
"SFMBT2",0.812008498333669,7.79760188084703,7.00970178200822,3.8299436401169e-11,9.54249337938985e-10,14.9363081475316
"TMEM106A",0.708993764671004,9.17043100708253,7.00904112589818,3.84440449941988e-11,9.56627457214979e-10,14.9326547339574
"LRRC32",0.653976205507241,8.45935232211103,7.00403276814973,3.95579569267472e-11,9.80583801066973e-10,14.9049652361572
"PIGX",0.625426837333557,8.60916216910802,7.00210404549196,3.99953606943886e-11,9.87651933695568e-10,14.8943051041007
"PNKD",-0.625527013067754,8.28670750081481,-7.00108726878779,4.02278656007697e-11,9.90878527500478e-10,14.8886860339887
"RTN1",-1.1449346022252,11.9053884975566,-7.0003205009859,4.04040822530953e-11,9.92705854246188e-10,14.8844489208687
"FZD9",0.666770096309504,8.65948890367581,6.96095783570751,5.05494930176204e-11,1.20406287225846e-09,14.667302481554
"STAMBPL1",-0.663381496963817,8.83269234569974,-6.95854679430239,5.12467189317084e-11,1.21759451000258e-09,14.6540254506263
"MOAP1",-0.724645357600977,10.2812384671423,-6.95829913520882,5.13188717220949e-11,1.21782185956127e-09,14.6526618058507
"SYP",-0.953943536874991,9.59427463699335,-6.93736525480018,5.77938491334807e-11,1.3452278831201e-09,14.5375014804074
"OPA1",-0.601535060114369,8.42213883228795,-6.93155321562769,5.97301211907837e-11,1.38203142479365e-09,14.5055653044312
"ARHGAP32",-0.647703658520724,10.3100186986335,-6.93075131009067,6.00022455694778e-11,1.38535479854192e-09,14.501160223201
"ATP2A2",-0.715625111459037,11.5435435555426,-6.92231501134102,6.29401684452937e-11,1.44941152399641e-09,14.4548358369786
"SCG2",-0.95493313486548,9.84489501545912,-6.91865989911929,6.42566533694273e-11,1.47449318150435e-09,14.4347758007582
"LRRC8B",-0.655243185656966,9.1483514602221,-6.91794473695919,6.45173941193541e-11,1.47873259383806e-09,14.4308515796122
"GAD1",-0.994532208893726,9.93320793190533,-6.91068369549937,6.72244423645275e-11,1.52817806538708e-09,14.3910227131553
"NELL1",-0.950082867190498,8.3375593775835,-6.90944324998701,6.76979673090677e-11,1.53356780659738e-09,14.384221024152
"NECAP1",-0.669776700686705,9.74920671198146,-6.90025958200832,7.13074664975947e-11,1.60971228605185e-09,14.3338873307563
"ITFG1",-0.933609277186859,9.0039965268255,-6.8986664707971,7.19526336854308e-11,1.61864312009803e-09,14.3251599212978
"TCEAL6",-0.72329204396952,8.90399097548997,-6.89406557095894,7.3848342576157e-11,1.65745662997628e-09,14.2999619846813
"SCN3B",-0.738918370624789,8.56495185049761,-6.87726333142043,8.11987927338654e-11,1.79143685692549e-09,14.2080263289162
"LOC401261",0.798091138600108,9.00583755804221,6.87534245436443,8.20837183379209e-11,1.80890948486705e-09,14.1975245990332
"FBXL2",-0.624541677477892,8.93060575985045,-6.85509865088245,9.20073122288239e-11,2.00489394026952e-09,14.0869562156323
"R3HDM1",-0.616390821403504,8.24545410347749,-6.84229844145593,9.88825008998814e-11,2.13112200553477e-09,14.0171452215534
"PPP3CB",-0.705534762932156,10.4518917014071,-6.8414758432142,9.93412420225034e-11,2.1360407933968e-09,14.0126615577656
"OLFM3",-0.63221168739121,7.34122162981194,-6.83613243355233,1.02372578382563e-10,2.1987505549076e-09,13.9835446554802
"SYT1",-1.41833129999247,9.50363013290607,-6.83544882816084,1.02766905873145e-10,2.20478635213398e-09,13.9798205995269
"ATP2B3",-0.605087102209717,7.43962889367378,-6.816006483381,1.14630218928009e-10,2.39333629841215e-09,13.8739997730848
"SYAP1",0.615367947160546,9.56295106851691,6.81332015670621,1.16372012768833e-10,2.42709860286037e-09,13.859393029513
"CAP2",-1.04917540731633,10.842254264908,-6.80395006427953,1.22654008067867e-10,2.54177246325092e-09,13.8084711281446
"DCLRE1C",0.718168881934382,9.48913612421508,6.80343144456457,1.23011296764301e-10,2.5464647061027e-09,13.8056539280413
"MYBPC1",0.633016836667671,9.773378776545,6.79887263673115,1.2619639125636e-10,2.59857733064287e-09,13.7808956058561
"ARID4B",0.649783047248934,9.12633271912417,6.79170126763493,1.31371899746699e-10,2.67937884864656e-09,13.7419692649737
"TAGLN3",-0.860731056762673,8.19992391776719,-6.79151173268943,1.31511483074203e-10,2.67937884864656e-09,13.7409408052633
"NUBPL",0.65695885645902,10.2925925612224,6.79134412908188,1.31635036708264e-10,2.67937884864656e-09,13.7400313645712
"HYDIN",0.675681477361132,7.23715782654788,6.79036047174183,1.32362474514426e-10,2.69137031512665e-09,13.7346941779085
"BASP1",-0.637211564105443,12.5126812871632,-6.78979602183454,1.32781684681028e-10,2.69707599395421e-09,13.731631765
"NSF",-0.833997770099431,11.7622519744931,-6.77990671524522,1.4034210217097e-10,2.82703619683738e-09,13.678002735545
"RIMBP2",-0.751883175832122,8.17129456282679,-6.7780079495149,1.41841483634707e-10,2.84839363266024e-09,13.6677113262055
"THOC2",0.679052850902645,9.33807880943883,6.77304835607133,1.45832697455833e-10,2.90456341841663e-09,13.6408383881804
"WWOX",0.931454013225702,8.07760606912569,6.76637034801283,1.51381975750854e-10,3.00279497057684e-09,13.6046734560724
"CRACDL",-0.699592470463644,10.4659607978167,-6.76594016555391,1.51746491963034e-10,3.00696027200477e-09,13.6023445404378
"TSPYL1",-0.89234336966555,10.1942042713569,-6.76118752368978,1.55831624560516e-10,3.07226705402541e-09,13.5766207947726
"ZCCHC12",-0.904584151997228,8.55536934025258,-6.75904420484973,1.57709160949846e-10,3.09986117466976e-09,13.5650236746339
"YWHAE",-0.977565710212296,8.91453157264034,-6.74830818112542,1.67454289304529e-10,3.26437692626049e-09,13.5069669020636
"MAGEE1",-0.656420128184401,10.2532034102855,-6.74556259388017,1.70040202717674e-10,3.30550679788533e-09,13.4921287983003
"SLC9A6",-0.594548885062712,9.75891840154494,-6.74168669308094,1.73757742427604e-10,3.36433025860573e-09,13.4711884061121
"PLPPR4",-0.839787157715548,9.53117227846682,-6.73616493746787,1.79192457921483e-10,3.45923218124419e-09,13.4413687112585
"SERPINI1",-1.10009337172773,9.99640399688934,-6.73414549111352,1.81221581498358e-10,3.48457584424561e-09,13.4304666457927
"AGO2",0.603311023101786,9.50061236999812,6.72840426181693,1.87114706423558e-10,3.59079395689943e-09,13.399483375188
"TPM2",0.631226821850462,8.23165153382551,6.72346820925143,1.92331883603742e-10,3.67280286854291e-09,13.3728583603727
"EID2",-0.580061331955516,7.64451679408856,-6.71456597737359,2.02105606052461e-10,3.8034555011362e-09,13.3248702859722
"SUCLA2",-0.673685450753202,9.23364774971615,-6.71033726309856,2.06917994437765e-10,3.88598468471388e-09,13.3020888705676
"COPG2IT1",-0.77129335800865,9.57159859091844,-6.70880948919435,2.08684233758975e-10,3.90632801913164e-09,13.2938604515756
"RMDN1",0.594055799559709,7.81939154944195,6.70220769448595,2.16488645613757e-10,4.03124646411301e-09,13.2583172410013
"SAP25",0.650121539737998,8.05526886653482,6.69752805672705,2.22194043250246e-10,4.12564302252532e-09,13.2331357851003
"LDB2",-0.795212902345092,10.904733486916,-6.69312976505628,2.27691218948437e-10,4.21517321756418e-09,13.2094781976929
"DYNLT3",-0.666845104120026,9.13077813282096,-6.69126813464313,2.30058085848994e-10,4.23832814576331e-09,13.1994677354502
"NECAB1",-1.09244239239206,10.0868689212527,-6.68732188679434,2.35155684910798e-10,4.30065269988648e-09,13.1782534586672
"SCG5",-0.709399844664106,11.7647720611798,-6.68457455617096,2.38770046320863e-10,4.35447641176914e-09,13.1634889133744
"SLC16A9",0.70775294976216,9.33248084765212,6.68219215038556,2.41948540467535e-10,4.40418769780895e-09,13.1506885722344
"XK",-0.613033803063594,7.37955629670502,-6.67701420690926,2.49001011059375e-10,4.50684249417887e-09,13.1228779532172
"GRINA",-0.622233237669028,7.8521374389408,-6.67089720849514,2.57593492374493e-10,4.63692115459321e-09,13.0900409409439
"REEP1",-0.662027064505682,9.44864927454108,-6.66650829802355,2.6393768200265e-10,4.73797357388337e-09,13.0664921018022
"GPER1",0.73421878929035,9.58734573633137,6.66426582983458,2.67238281154667e-10,4.7839831766225e-09,13.054463787189
"ELAVL4",-0.69124026822334,8.20169917999165,-6.6607681467984,2.72467631537916e-10,4.850821264498e-09,13.035707685462
"NEFM",-1.12128327234577,9.98521923048873,-6.66045504365657,2.72940629957015e-10,4.85480047379667e-09,13.0340289886863
"DDX27",0.778722800174364,8.4162320789102,6.63621545108213,3.12119724523384e-10,5.41313522237124e-09,12.9042181876744
"ARHGDIG",-0.685643002475534,7.7409655015291,-6.6239258961752,3.34047185844293e-10,5.74732465901335e-09,12.8385166021656
"DACH2",-0.746631089643481,7.76927653964451,-6.62221943054533,3.37209363024131e-10,5.78638182988234e-09,12.8293996348802
"TNFRSF9",0.581974648778042,8.54984101383402,6.62152040622984,3.38513180672102e-10,5.80363698916161e-09,12.8256654504364
"SLITRK1",-0.75561921720823,8.82655028359069,-6.61591446401979,3.49150307524104e-10,5.92337910558984e-09,12.7957274628855
"CYP4X1",-0.668161982185274,9.12629506153636,-6.61242196397882,3.55942768721294e-10,6.0281029909031e-09,12.7770841390042
"PPP3R1",-0.747932386390703,9.77991121102543,-6.59947790133973,3.82270042724372e-10,6.40705664200996e-09,12.708041261105
"ANO3",-0.819106763638496,8.90605922148163,-6.59903724054611,3.83199242346403e-10,6.41710331912104e-09,12.7056922968234
"MAL2",-0.966028121730656,7.88428179999139,-6.59598808623493,3.89690000004643e-10,6.49767165897598e-09,12.6894413278784
"PDE9A",0.584820301351778,8.12652282242041,6.59134818510145,3.99775019231078e-10,6.63756151810372e-09,12.6647212690478
"SLITRK4",-0.741862444166791,8.96130057772818,-6.58068238240387,4.23941070165989e-10,6.97924643346869e-09,12.6079384327371
"KRCC1",0.587193439127278,8.6714403327861,6.58042153424887,4.24549737397505e-10,6.98335869824011e-09,12.6065504487652
"TRIM36",-0.6735683183147,8.10162666290479,-6.57842898929633,4.29227619640684e-10,7.04838839712073e-09,12.5959491769445
"GSDMB",0.730500277383456,8.74295671770903,6.57186768007899,4.4499273780219e-10,7.26435711819867e-09,12.5610542420229
"NAP1L2",-0.712965256120491,7.63017804400124,-6.57128992072086,4.46407919296649e-10,7.28135096529212e-09,12.5579826027845
"ZNF365",-0.813745509283805,10.6247429222965,-6.55982853868646,4.75414489951206e-10,7.6836300331898e-09,12.4970837565659
"NAP1L3",-0.995834136322768,10.2725794857927,-6.55923347374278,4.76970076461602e-10,7.70237403972308e-09,12.4939237747891
"PNMA2",-0.871677247300462,11.2819031333366,-6.55864888849799,4.78503141400256e-10,7.72072357256018e-09,12.4908196198568
"NUDT11",-0.770238139878621,8.99508919278822,-6.55748165188344,4.81578711643366e-10,7.76391064612117e-09,12.4846221018856
"AASDHPPT",-0.747340240311542,9.46106881812046,-6.55324948489798,4.92894017184653e-10,7.92008644128503e-09,12.4621569857036
"TSPAN13",-1.04639507605933,9.35871601440011,-6.54935937081497,5.0352517787504e-10,8.07091963448962e-09,12.4415156385989
"COX19",0.696387054469981,9.61448614665516,6.54891894307659,5.04742926175568e-10,8.08377991806615e-09,12.4391791721389
"VIP",-0.653605327890244,8.72576406120878,-6.54544778072199,5.14442318855188e-10,8.19192559951154e-09,12.420768157233
"PRMT2",0.803139348560481,8.92087330154024,6.53837497011717,5.34776387077376e-10,8.43975159459746e-09,12.3832731602246
"NBEA",-0.735409742208717,8.59385853714309,-6.53749173747276,5.37370514364281e-10,8.47326926752975e-09,12.3785926945686
"STX1A",-0.84983711995007,9.05117841770924,-6.52838269671734,5.64856919721865e-10,8.87130815243566e-09,12.3303450528933
"DIRAS2",-1.0456800260994,9.59663246414216,-6.52309077146248,5.81455224057943e-10,9.08798169071768e-09,12.3023350423589
"MKNK2",0.746984379478603,9.54498261591387,6.51867629016458,5.9566752074671e-10,9.27287542896818e-09,12.2789803549502
"CALD1",0.921602550947534,8.65931062931278,6.4993821739895,6.61898890315081e-10,1.01576423553952e-08,12.1770234403743
"FLNC",0.625864679041753,8.06392586009628,6.49573286470268,6.75216154949812e-10,1.0337554019802e-08,12.1577608513293
"DENND4C",0.601451934515667,8.39627814278901,6.49504595083116,6.7775217233402e-10,1.03682228942199e-08,12.1541358024034
"LDHA",-0.612914606262264,11.0664309066432,-6.487708506288,7.05432318694802e-10,1.07242246011579e-08,12.11542918315
"KCNN3",0.595458349874075,7.75017968906622,6.47858648024021,7.41398081713601e-10,1.11836164899728e-08,12.0673474640596
"TNFSF14",0.639002610947142,10.7844934008209,6.47431143416784,7.58867917048031e-10,1.14029427010329e-08,12.0448288019701
"PCDH7",-0.779250819336862,7.90095647624926,-6.47190577981696,7.68875791098655e-10,1.15444089652691e-08,12.032161278279
"ELMOD1",-0.877874335931747,8.71987801445211,-6.47099848016462,7.72683883598146e-10,1.15926412420481e-08,12.0273844664528
"CPLX2",-0.589892920809616,7.57484699031072,-6.45945732193818,8.22772221330832e-10,1.21659001936753e-08,11.9666592288153
"PLA2G2D",0.675975787757834,8.99417212539191,6.42946066872784,9.6836604290222e-10,1.40727668624603e-08,11.8091535850796
"TMEM130",-0.581823559735736,8.90568014837803,-6.41712358658335,1.03534212627648e-09,1.49456397887344e-08,11.7445112693197
"CPLX1",-0.678397801782925,10.2759649330335,-6.41692186919486,1.03647419233954e-09,1.49508905179652e-08,11.7434550004301
"CPNE4",-0.761412163705209,8.28635836834656,-6.41346950723146,1.05603892703977e-09,1.51768548606108e-08,11.7253804412795
"MAP4",-0.929458244621736,9.80769378422103,-6.41241134075335,1.06210794206862e-09,1.52415622748623e-08,11.719841753518
"CADPS",-0.820818065072939,8.93404934497343,-6.41076214290293,1.07163514940288e-09,1.53556320855895e-08,11.7112106468871
"JAZF1",-0.588076319081209,8.47353961632868,-6.40670110933279,1.09545461508598e-09,1.56393626962275e-08,11.6899632642544
"GABRA2",-0.59661538054589,8.92060298203366,-6.36925268727345,1.34110068365306e-09,1.857400583858e-08,11.4944433246982
"MYT1L",-0.994974387554965,9.26060197507452,-6.34474283964305,1.53038083738658e-09,2.0883366560102e-08,11.3668792502756
"PNMA1",-0.596979588918991,8.74998039617269,-6.33934418352799,1.57547272292237e-09,2.14235665376285e-08,11.3388244129573
"TAGLN",0.669088327024917,9.60793397997534,6.3383664199752,1.58377783068314e-09,2.1521461457586e-08,11.3337449991487
"GABRG2",-0.92400304040874,10.0510370131054,-6.33476119476263,1.61477372574308e-09,2.18583842612208e-08,11.3150205198141
"APLNR",0.977784126485812,8.95125655253716,6.33471650450942,1.6151616633752e-09,2.18583842612208e-08,11.3147884553874
"ALG1",0.86293763023147,7.8372173972676,6.32787991415481,1.6755978825469e-09,2.25331438814651e-08,11.2793004706791
"SNAP25",-0.7065396361141,13.3207464631219,-6.32709720094832,1.68265724705883e-09,2.26124498415177e-08,11.2752390890436
"C1QTNF1",0.617503314795574,7.99738238106124,6.3131961366355,1.81300890475596e-09,2.4048630046112e-08,11.2031632530881
"TUBA1C",0.606592199015017,8.37339449954096,6.30718829550546,1.87236722077873e-09,2.47012838977175e-08,11.1720452069426
"LOC729609",0.592021977489762,8.1108768343735,6.2796651296682,2.1696120915894e-09,2.7996340643394e-08,11.0297354151403
"ADCY1",-0.604953354083414,10.104325842352,-6.27292831775163,2.24915183667887e-09,2.87746519328956e-08,10.9949647112816
"BTBD10",-0.588915211651457,8.74815476563358,-6.26698290866372,2.32172043457938e-09,2.95283385205753e-08,10.9642990770556
"NLK",-0.598073129871597,8.71435327145246,-6.26524496739669,2.34336411887415e-09,2.97647012984152e-08,10.9553386222878
"INA",-0.922650456122573,10.1347507504367,-6.25477652841839,2.47798588700993e-09,3.11896037356573e-08,10.901400230664
"EPB41L3",-0.795382166471561,10.1183693481473,-6.24971173611422,2.54581421448525e-09,3.1898904571583e-08,10.8753253606154
"ELOVL4",-0.607396683593988,9.58182408912622,-6.24091781528269,2.66793742455313e-09,3.32577798490578e-08,10.8300851000317
"PREPL",-0.737658677159763,10.9266133109826,-6.23309230307791,2.7814338346767e-09,3.44299751838256e-08,10.7898622188303
"SYBU",-0.61765082667542,10.3752284800638,-6.23207097996888,2.79659166067861e-09,3.45297443687468e-08,10.7846151136121
"GADD45G",0.650450257727877,8.48284017059946,6.23069540927081,2.8171351719393e-09,3.469533753846e-08,10.7775489406283
"MT2A",0.627745681805813,11.0019489688851,6.21713650792791,3.02772083944361e-09,3.67080497288057e-08,10.7079534670955
"SV2B",-0.853538181907366,9.89139148853185,-6.21592408878696,3.04728655309544e-09,3.69222596741496e-08,10.701735225834
"EPHA4",-0.880219307079871,8.86088584474635,-6.21140862089687,3.12125342857251e-09,3.76543524281416e-08,10.678583423695
"EIF2AK4",0.632599220772,9.60339862469101,6.18188005675467,3.65027432302596e-09,4.28394095897419e-08,10.5274596422573
"TMEM14A",-0.641054962151123,8.51000620083281,-6.17957138594655,3.69515982546956e-09,4.32530405821225e-08,10.5156643359927
"MAP2K1",-0.69492143295933,9.83624222354744,-6.17950389470665,3.69648011141733e-09,4.32530405821225e-08,10.5153195584423
"GNG2",-0.874036527394157,8.16979642547602,-6.17556043122857,3.77443211757521e-09,4.4085639001138e-08,10.4951788182716
"LEP",0.646806320047079,9.13638008567195,6.17318005099831,3.82226403717168e-09,4.45640718390197e-08,10.4830254773346
"TUSC3",-0.598354092123592,7.62388496704004,-6.16670684948597,3.95536505710365e-09,4.59781652605615e-08,10.4499915160276
"CDH13",-0.656569021162536,7.77718928909427,-6.16523662222953,3.98622335208696e-09,4.62815753032578e-08,10.4424918946512
"DSEL",0.767657597649955,7.76435075711755,6.15143922582348,4.28756154970992e-09,4.93132146546767e-08,10.372169682768
"NRGN",-0.719903773204618,11.0345854936017,-6.14278835294132,4.4877763668897e-09,5.12787083519123e-08,10.3281319035935
"SERINC1",-0.608592075568285,10.2323131665451,-6.14192216225756,4.50832124113569e-09,5.14832294784386e-08,10.3237247944383
"PGRMC1",-0.625575111920006,10.2717063949458,-6.14149853297107,4.51840271153093e-09,5.15378653948888e-08,10.32156955399
"CAMK1D",-0.711786440061953,9.77365364123169,-6.14093540778111,4.53183811674996e-09,5.16264101302172e-08,10.3187047736033
"HAUS2",0.614118120299508,10.5923797357243,6.14083972695587,4.53412482206389e-09,5.16264101302172e-08,10.3182180351189
"SLCO3A1",0.893296331422425,8.00263886701855,6.13602733317216,4.65060893266259e-09,5.27982492536064e-08,10.293743435064
"TMEM178A",-0.596306694782824,10.4049391872973,-6.12576713547787,4.90884067840637e-09,5.543884547946e-08,10.2416056709355
"GABBR2",-0.941966396021225,10.8080756999717,-6.12443379744382,4.9434140923986e-09,5.57227689689657e-08,10.2348345391562
"ATP6V1H",-0.641994424518193,9.25716785790327,-6.12316363031049,4.97657148087275e-09,5.59763609516202e-08,10.2283851306221
"LDOC1",-0.614239791855893,8.43648452724256,-6.11031868673977,5.32437890452422e-09,5.9453830673658e-08,10.1632140830454
"UCHL1",-0.943019308589812,10.5561217180797,-6.1099896970184,5.3335930760972e-09,5.95105433874859e-08,10.16154610537
"TRIM37",-0.654803084948547,8.4323175329167,-6.10617616012526,5.44154813556128e-09,6.04723501826882e-08,10.1422158861473
"VPS35",-0.600867766117161,10.0403664657184,-6.08761260339655,5.99840811778898e-09,6.59079749091224e-08,10.0482362691117
"MED15P9",0.662226920067494,9.51611673299325,6.08645243296568,6.03500709052471e-09,6.62353090662833e-08,10.0423692124865
"GAD2",-0.606885910612183,7.54163579611903,-6.07912729503973,6.2711932341455e-09,6.86339421503022e-08,10.0053429501176
"ATP1B1",-0.808699468383778,11.7173436920316,-6.07704901866596,6.33983761946525e-09,6.92683325306986e-08,9.99484340294609
"ADGRL1",-0.736233251472504,9.05311256978607,-6.07209738245212,6.50636882365738e-09,7.10074219160021e-08,9.96983728835563
"SULT4A1",-0.656963180085966,8.41425267212639,-6.0644323392969,6.77264518317822e-09,7.32974986760095e-08,9.93115546515708
"DGKB",-0.640570469022573,8.89474311902504,-6.06280403359846,6.8305712998662e-09,7.37888179892888e-08,9.9229424398175
"HPCA",-0.615267392070095,8.38493322134548,-6.05500850734854,7.1146883104222e-09,7.60685273804975e-08,9.88364321129162
"NPY",-0.65242498857308,8.87607768377757,-6.05144595829515,7.24835450129639e-09,7.73277029828545e-08,9.86569490397396
"SYN2",-0.854441569188168,9.85395161458767,-6.0423955778251,7.59908772198719e-09,8.06273980273439e-08,9.8201308393934
"OXR1",-0.629239008771038,10.6237073120516,-6.02837416888873,8.17554804609243e-09,8.5854284635139e-08,9.74963164120658
"STRIP2",0.639237421079683,9.51350267929181,6.02653487244955,8.25427614109544e-09,8.63848785136754e-08,9.74039197827373
"PIANP",-0.753783817966945,8.0610799809845,-6.02646806644533,8.25714959840877e-09,8.63848785136754e-08,9.74005641595877
"LRP11",-0.646107762699957,8.71388760303052,-6.02312350417121,8.40226530265458e-09,8.77615032336851e-08,9.72326012730598
"RASL11B",-0.672835865002517,8.71128646113166,-6.00842052617007,9.07040000588852e-09,9.38335532772911e-08,9.64949754953218
"ANKRD18A",0.660688375279326,7.48637024419496,6.00762242468966,9.10811988040006e-09,9.41737007187592e-08,9.64549711313919
"KCNK1",-0.619313283816856,8.72691852896905,-6.00617949335824,9.17670611738129e-09,9.47318431501977e-08,9.63826542526327
"LRFN5",-0.674067703418668,8.42408262285022,-6.00058268676229,9.44755604521348e-09,9.7064410287122e-08,9.6102265463782
"NAPB",-0.769738034714658,11.6640318691407,-5.99816437218079,9.56699552162434e-09,9.81360916474898e-08,9.59811679537447
"VSNL1",-1.00800588149328,11.2207523731268,-5.97324667895572,1.08870897288864e-08,1.0931469506419e-07,9.47353540603573
"NELL2",-1.06531716408654,10.0590550547679,-5.96502597789824,1.13605431626073e-08,1.13510925052976e-07,9.43251214527034
"RNF213",0.637705062824897,8.5373318282073,5.96308377429748,1.14753113063253e-08,1.14335935847304e-07,9.42282574275846
"ACSL4",-0.606822648577614,8.73435463811247,-5.96065129214279,1.16206531993025e-08,1.15606488039482e-07,9.41069721346117
"UBALD1",-0.596770890524283,7.31407131855315,-5.95859098646635,1.17451660864945e-08,1.16785481286201e-07,9.40042703862812
"CKMT1B",-0.676096751212715,8.54526795352237,-5.93394124679746,1.33400289196239e-08,1.30838519529718e-07,9.27774271104241
"STEAP2",-0.59966600112302,8.1974385359342,-5.91942515940537,1.43764667178279e-08,1.39527015392625e-07,9.20565846154583
"CHL1",-0.6553524426023,7.87864208712614,-5.90980546589992,1.51063074742181e-08,1.4530580184914e-07,9.15795591775277
"PCLO",-0.813068588974754,8.50375720555136,-5.90758408007259,1.52799286892646e-08,1.4675820945923e-07,9.14694802997341
"GABRA5",-0.68643247043598,7.62942135031631,-5.90450276504167,1.55239983866918e-08,1.48662147936337e-07,9.13168357063502
"ENC1",-1.07165816807041,11.0191016232463,-5.9030009785968,1.56443332578886e-08,1.49667198065513e-07,9.12424589858141
"MT1F",0.708584592149509,11.3276956127586,5.8892182045592,1.67922179436613e-08,1.58852585787897e-07,9.05604715557168
"SNCA",-0.710825170907964,8.4792142837607,-5.87649282214211,1.79249764929029e-08,1.67854724530991e-07,8.99317855869495
"RSPO2",-0.615453377559355,7.28426319055412,-5.8669610750092,1.88221003152217e-08,1.74992474932584e-07,8.94614962674019
"LPAR1",0.613785224940423,10.433057458199,5.86038864745669,1.94661317612958e-08,1.80205260677e-07,8.91375264353461
"CKMT1A",-0.738784906914058,9.07397764074082,-5.8421097504613,2.13727635335163e-08,1.94524137323991e-07,8.82378465041397
"ZNF223",0.581186140353921,10.5587885643268,5.82646909554263,2.31482975363938e-08,2.07386151823521e-07,8.74695748386226
"OMG",-0.630719413808974,10.3197947547914,-5.81826459083927,2.41365583582286e-08,2.1534767954735e-07,8.70671430426197
"WDR47",-0.705638882020012,8.71457447872087,-5.80376124139628,2.59854310973667e-08,2.28801132906633e-07,8.6356722255342
"CCK",-0.610455565970872,9.62224881438877,-5.79873792632654,2.66575373811948e-08,2.34083492734959e-07,8.61109534688235
"MRAP2",-0.628694842626898,7.89204046848688,-5.78495419992615,2.85902833512393e-08,2.48809625998106e-07,8.54373424265841
"TCEAL7",-0.610139586497632,9.23205130995406,-5.77511075050929,3.00537092467855e-08,2.59226563933155e-07,8.4956981451081
"SYT13",-0.794427977378406,9.92413493226548,-5.76941705019741,3.09333588936173e-08,2.65636465450529e-07,8.46793908938271
"FBXO34",-0.600536823128855,8.63897634099101,-5.75502069316871,3.32713279390428e-08,2.83834620940742e-07,8.39783705494956
"KCNH1",-0.684790078389733,8.12289849066882,-5.71246048635345,4.12394565037993e-08,3.4367391182331e-07,8.1913160896608
"MAP2K4",-0.609978748051628,9.48278731753065,-5.690931836061,4.59520617347979e-08,3.76973511508192e-07,8.08726292067083
"REPS2",-0.637929930414981,8.63396975633293,-5.6806078677433,4.8394747889616e-08,3.94517553072492e-07,8.03746363762508
"SMIM43",-0.68049972780321,8.12734437724834,-5.6787943385377,4.88367380004253e-08,3.97454656942817e-07,8.02872243094918
"SH3GL2",-0.626792055838068,11.5867336083163,-5.67733946602481,4.91941650150259e-08,3.99694888111644e-07,8.02171138347864
"BCAS1",0.693510780801594,10.3988780084173,5.66756825492929,5.16617960780069e-08,4.18172583145565e-07,7.97465692663717
"ACTG1P17",0.628995065611398,10.022588862784,5.65514573262667,5.4974073916677e-08,4.41700137166979e-07,7.91491812225896
"RAD51",0.585210681880077,8.55370502873598,5.58249563343731,7.89229808187196e-08,6.07260689502358e-07,7.56742932874827
"CLDN5",0.648766169923303,9.89504786929662,5.57655705376452,8.12794596440793e-08,6.22438805672625e-07,7.53916746198778
"G3BP2",-0.730706618100838,9.56261868489686,-5.57310670619377,8.26799733705114e-08,6.30929255614424e-07,7.52275710849333
"HSPB1",0.619095514982226,11.6765584594413,5.56088538587254,8.78326421856151e-08,6.65292091977378e-07,7.46468961874573
"NFIC",0.614154051085894,9.55666851083066,5.55331179915832,9.11816083489009e-08,6.85733485989023e-07,7.42875118227121
"NSG1",-0.592076459807252,9.79066228936689,-5.54676172129333,9.41781905007855e-08,7.05568003964191e-07,7.39769805536392
"TMEM191A",0.611428471708196,8.89735727786769,5.54199085274186,9.64210564925005e-08,7.19423826030509e-07,7.37509661398089
"TUT7",0.582122127152088,7.74801303024347,5.53023880115233,1.02170462517391e-07,7.55370452175502e-07,7.31948262801672
"SLC12A5",-0.818621037517906,11.7960118652852,-5.44681859366864,1.53758113005576e-07,1.0743192534921e-06,6.92718230675879
"NBPF10",0.597859874398237,11.3587616871962,5.42363807069719,1.72123567765221e-07,1.18142945507705e-06,6.81894429105264
"SLC6A15",-0.660402886748027,8.44613010237699,-5.41941981416907,1.75688055286284e-07,1.20377248866753e-06,6.79928414817162
"NCOA7",-0.589075965545913,10.0266654855161,-5.36819982120036,2.25142115487754e-07,1.49370624796325e-06,6.56145945787756
"ANKRD36B",0.765224301386512,9.61366765481474,5.34301395245744,2.54194376622137e-07,1.66376332818371e-06,6.4451275097203
"TAF13",0.668673071856989,8.91794709722839,5.31923871588973,2.84949055974453e-07,1.84397195883169e-06,6.33568286823144
"MT1H",0.713494075108084,9.08076321210717,5.30837179921736,3.00184249589143e-07,1.92527531732206e-06,6.28577974093123
"AMPH",-0.696130583309928,9.21367040022398,-5.29321597992904,3.22762703505168e-07,2.05451077772557e-06,6.21630776944889
"SYT4",-0.760259272888033,11.4472008732269,-5.29050334181981,3.26974565881091e-07,2.07860113606016e-06,6.2038890421362
"PKM",-0.656799842590041,9.64185761802135,-5.22948728274527,4.37158732645842e-07,2.67842310407917e-06,5.92580773233504
"ADAM22",0.594710122306807,8.17710683483838,5.1759218120233,5.63025854199409e-07,3.35453769040609e-06,5.68367798706345
"PCSK1N",-0.638525381581018,8.4933604672216,-5.16886429387268,5.82033826541951e-07,3.45193423672046e-06,5.65191618718985
"AK5",-0.667233216204918,10.8405235261981,-5.12402694001939,7.18190349427507e-07,4.15189126842242e-06,5.45089488611614
"MORF4L2",-0.586799173556222,9.17746227355461,-5.08196353638861,8.73731068405808e-07,4.93381684855155e-06,5.26351890035253
"ITPR1",-0.637511832193486,9.71628718126142,-5.08102239316045,8.77560520721474e-07,4.95256675542899e-06,5.25933992107333
"SATB2",-0.583790393682293,9.24176588206801,-5.05823133025239,9.75429440375529e-07,5.43709008314735e-06,5.15832054943636
"TUBB4A",-0.633827168905315,10.3190692180701,-5.05757404325646,9.78403491617707e-07,5.45210582571276e-06,5.15541232683557
"CD44",0.669611418091085,8.87532114078309,4.82698990635632,2.79779644852788e-06,1.36071784783564e-05,4.15320207352911
"MT1G",0.582736294650713,11.2777168605659,4.8132868760418,2.97478173742471e-06,1.43567157312866e-05,4.0947891882359
"SYNPR",-0.594599689114337,9.76140461129872,-4.68906627456224,5.15771093554255e-06,2.30668575257923e-05,3.57123799223842
"RGS1",0.674991266375546,7.54468111345575,4.67648745018183,5.45013786916519e-06,2.4194410268326e-05,3.518826446986
"LAMP5",-0.590711399187847,9.74881316281883,-4.55107889325859,9.38930200151456e-06,3.90398349674085e-05,3.00244664306538
"ATF4",0.61750317603114,11.6488663236335,4.45342259668667,1.42342205878491e-05,5.61832600955869e-05,2.60817153142435
"BSG",-0.692153592833738,9.20615662384861,-4.39717853574939,1.80343183292077e-05,6.9285251800208e-05,2.38424586826293
"ITM2B",-0.618821947478703,11.2181045674073,-4.30401824241765,2.6558013096177e-05,9.76000711687457e-05,2.01847128809531
"FCGBP",0.593780775118759,9.36986094051975,3.93722167349796,0.000114763616330479,0.000356966945360422,0.641882397026618
"DUSP1",0.586011468840052,9.79432373968234,3.92405956967088,0.000120731702228702,0.000373500507737412,0.59440724431423
"SERPINA3",0.692596686234914,9.6137476714701,3.41593870627054,0.000773808261812101,0.00194995272812764,-1.13287433335816
